Model,Phong Vũ,Nguyễn Kim,Điện máy xanh,FPT Shop,Pico,MediaMart,HC,Phuc Anh,CPN,An Phat PC,Hanoicomputer
HL-L2321D,https://phongvu.vn/may-in-laser-trang-den-brother-hl-l2321d--s1404531,https://www.nguyenkim.com/may-in-laser-brother-hl-l2321d.html,https://www.dienmayxanh.com/may-in/may-in-laser-brother-hl-l2321d,https://fptshop.com.vn/may-in/may-in-brother-laser-hl-l2321d,,https://mediamart.vn/may-in/may-in-brother-hl-l2321d-induplex,https://hc.com.vn/ords/product/may-in-laser-brother-hl-l2321d-in-duplex,https://www.phucanh.vn/may-in-laser-den-trang-brother-hl-l2321d.html,,https://www.anphatpc.com.vn/may-in-laser-brother-hl-l2321d-duplex.html,
HL-L2361DN,https://phongvu.vn/may-in-brother-hl-l2361dn--s1403955,,,,,,,,,https://cpn.vn/may-in-laser-brother-hl-l2361dn.html,https://www.anphatpc.com.vn/may-in-laser-brother-hl-l2361dn_id17837.html,https://hacom.vn/brother-hl-l2361dn-in-laser
HL-L2366DW,,,https://www.dienmayxanh.com/may-in/may-in-laser-brother-hl-l2366dw,,,,,,,,
DCP-L2520D,,https://www.nguyenkim.com/may-in-laser-trang-den-brother-dcp-l2520d.html,https://www.dienmayxanh.com/may-in/may-in-da-chuc-nang-brother-dcp-l2520d-in-photo,https://fptshop.com.vn/may-in/may-in-laser-brother-da-chuc-nang-dcp-l2520d,,,,,,,
DCP-B7535DW,https://phongvu.vn/may-in-brother-dcp-b7535dw--s18120286,https://www.nguyenkim.com/may-in-laser-brother-dcp-b7535dw.html,https://www.dienmayxanh.com/may-in/may-in-laser-da-nang-brother-dcp-b7535dw-in-scan,,,,,,,,
MFC-L2701D,https://phongvu.vn/may-in-brother-mfc-l2701d--s1500335,,,,,,,,,https://www.anphatpc.com.vn/may-in-laser-den-trang-da-nang-brother-mfc-l2701d.html,
MFC-L2701DW,,https://www.nguyenkim.com/may-in-laser-brother-mfc-l2701dw.html,https://www.dienmayxanh.com/may-in/may-in-laser-trang-den-brother-mfc-l2701dw-wifi,,,,,https://cpn.vn/may-in-laser-brother-da-nang-mfc-l2701dwin-fax-copy-scan.html,https://www.anphatpc.com.vn/may-in-laser-den-trang-da-nang-brother-mfc-l2701dw.html,https://hacom.vn/may-in-brother-mfc-l2701dw-in-da-nang
HL-L5100DN,,,,,,,,,,,
MFC-L5700DN,https://phongvu.vn/may-in-brother-mfc-l5700dn--s1603517,,,,,,,,,
HL-L6200DW,https://phongvu.vn/may-in-laser-den-trang-brother-hl-l6200dw--s1603212,,,,,,,,,
MFC-L6900DW,https://phongvu.vn/may-in-laser-den-trang-brother-mfc-l6900dw--s1603213,,,,,,,,,
HL-L8260CDW,https://phongvu.vn/may-in-laser-mau-brother-hl-l8260cdw--s1703273,,,,,,,,,
HL-L3230CDW,https://phongvu.vn/may-in-laser-mau-brother-hl-l3230cdw--s19050013,,,,,,,,,
DCP-L3551CDW,https://phongvu.vn/may-in-laser-mau-brother-dcp-l3551cdw--s19050014,,,,,,,,,
MFC-L3750CDW,https://phongvu.vn/may-in-laser-mau-brother-mfc-l3750cdw--s19050015,,,,,,,,,
DCP-T220,https://phongvu.vn/may-in-brother-dcp-t220--s210400366,,https://www.dienmayxanh.com/may-doi-tra/may-in/phun-mau-da-nang-brother-dcp-t220,,,,,,,,
DCP-T520W,https://phongvu.vn/may-in-brother-dcp-t520w--s210400364,,https://www.dienmayxanh.com/may-in/phun-mau-da-nang-brother-dcp-t520w-wifi,,,,,,,,
DCP-T720DW,https://phongvu.vn/may-in-brother-dcp-t720dw--s210400365,https://www.nguyenkim.com/may-in-phun-mau-brother-dcp-t720dw.html,https://www.dienmayxanh.com/may-in/may-in-phun-mau-da-nang-brother-dcp-t720dw-wifi,https://fptshop.com.vn/may-in/may-in-phun-da-nang-brother-dcp-t720dw,,https://mediamart.vn/may-in/may-in-phun-mau-brother-dcpt720dw-inscancopywifiduplex,,,,,
DCP-T820DW,https://phongvu.vn/may-in-phun-da-chuc-nang-brother-dcp-t820dw--s210400367,,,,,,,,,
MFC-T920DW,https://phongvu.vn/may-in-phun-da-chuc-nang-brother-mfc-t920dw--s210400363,https://www.nguyenkim.com/may-in-phun-da-nang-brother-mfc-t920dw.html,,,,,,,,,
HL-T4000DW,https://phongvu.vn/may-in-brother-hl-t4000dw--s190700445,,,,,,,,,
MFC-T4500DW,https://phongvu.vn/may-in-brother-mfc-t4500dw--s190700446,,,,,,,,,
ADS-1200,https://phongvu.vn/may-scan-brother-ads-1200--s19020123,,,,,,,https://www.phucanh.vn/may-scan-brother-ds-620.html,,https://www.anphatpc.com.vn/may-scan-brother-ads-1200_id32193.html,
ADS-1700W,https://phongvu.vn/may-scan-brother-ads-1700w--s19020124,,,,,,,https://www.phucanh.vn/may-scan-brother-ads-1700w.html,,https://www.anphatpc.com.vn/may-scan-brother-ads-1700w.html,
ADS-2200,https://phongvu.vn/may-quet-anh-brother-ads-2200--s1803276,,,,,,,,,
ADS-2400N,https://phongvu.vn/may-quet-anh-brother-ads-2400n--s1602492,,,,,,,,,
ADS-2800W,https://phongvu.vn/may-quet-anh-brother-ads-2800w--s1602491,,,,,,,,,
PT-E110,https://phongvu.vn/may-in-nhan-brother-pte110--s191006427,,,,,,,,,,
PT-D450,https://phongvu.vn/may-in-nhan-brother-pt-d450--s1602488,,,,,,,,,
PT-D600,https://phongvu.vn/may-in-nhan-brother-pt-d600--s1602489,,,,,,,,,
PT-P750W,https://phongvu.vn/may-in-nhan-brother-pt-p750w--s1603504,,,,,,,,,
PT-P900W,https://phongvu.vn/may-in-nhan-brother-pt-p900w--s1610214,,,,,,,,,
QL-800,https://phongvu.vn/may-in-nhan-brother-ql-800--s1703270,,,,,,,,,
QL-810W,https://phongvu.vn/may-in-nhan-brother-ql-810w--s1703271,,,,,,,,,
QL-820NWB,https://phongvu.vn/may-in-nhan-brother-ql-820nwb--s1703272,,,,,,,,,
QL-1100,https://phongvu.vn/may-in-nhan-brother-ql-1100--s19040188,,,,,,,,,
QL-1110NWB,https://phongvu.vn/may-in-nhan-brother-ql-1110nwb--s19040189,,,,,,,,,
TD-2020,https://phongvu.vn/may-in-ma-vach-brother-td-2020--s1602487,,,,,,,,,
TD-4000,https://phongvu.vn/may-in-ma-vach-brother-td-4000--s1225845,,,,,,,,,
JA1400,,https://www.nguyenkim.com/may-may-co-brother-ja1400.html,,,,,,,,,
AS2730S,,https://www.nguyenkim.com/may-may-co-brother-as2730s.html,,,,,,,,,
GS2500,,https://www.nguyenkim.com/may-may-co-gia-dinh-brother-gs2500.html,,,,,,,,,
GS2700,,https://www.nguyenkim.com/may-may-brother-gs2700.html,,,,,,,,,
FS60X,,https://www.nguyenkim.com/may-may-dien-tu-brother-fs60x.html,,,,,,,,,