Model,GIA TIEU CHUAN,ID,DMX-TGDD,Phong VU,NguyEN Kim,CellphoneS,FPT,Media Mart,An Ph�t,Ph�c Anh,HACom,Shopee,,,,,,,,,,,,,,,,,
HL-L2321D,3339000,1,https://www.dienmayxanh.com/may-in/may-in-laser-brother-hl-l2321d,https://phongvu.vn/may-in-brother-hl-l2321d-demo--s251002144 ,https://www.nguyenkim.com/may-in-laser-brother-hl-l2321d.html ,https://cellphones.com.vn/may-in-laser-brother-hl-l2321d.html ,https://fptshop.com.vn/may-in/may-in-brother-laser-hl-l2321d ,https://mediamart.vn/may-in/may-in-brother-hl-l2321d-induplex ,https://www.anphatpc.com.vn/may-in-laser-brother-hl-l2321d-duplex.html ,https://www.phucanh.vn/may-in-laser-den-trang-brother-hl-l2321d.html ,https://hacom.vn/brother-hl-l2321d-in-laser ,,,,,,,,,,,,,,,,,,
HL-L2361DN,4220000,2,https://www.dienmayxanh.com/may-in/may-in-laser-brother-hl-l2361dn,https://phongvu.vn/may-in-brother-hl-l2361dn--s1403955 ,,,https://fptshop.com.vn/may-in/may-in-laser-don-nang-brother-hl-l2361dn ,https://mediamart.vn/tag?key=HL-L2361DN ,https://www.anphatpc.com.vn/may-in-laser-brother-hl-l2361dn_id17837.html ,,,,,,,,,,,,,,,,,,,,
HL-L2366DW,4320000,3,https://www.dienmayxanh.com/may-in/may-in-laser-brother-hl-l2366dw  ,https://phongvu.vn/may-in-brother-hl-l2366dw--s1404607 ,https://www.nguyenkim.com/may-in-laser-brother-hl-l2366dw.html ,https://cellphones.com.vn/may-in-laser-brother-hl-l2366dw.html ,,https://mediamart.vn/may-in/may-in-laser-brother-hll2366dw-induplexlanwifi,https://www.anphatpc.com.vn/may-in-laser-brother-hl-l2366dw_id17836.html ,https://www.phucanh.vn/may-in-laser-den-trang-brother-hl-l2366dw.html ,https://hacom.vn/may-in-brother-hl-l2366dw-in-laser ,,,,,,,,,,,,,,,,,,
DCP- L2520D,4713000,4,https://www.dienmayxanh.com/may-in/may-in-da-chuc-nang-brother-dcp-l2520d-in-photo ,https://phongvu.vn/may-in-laser-trang-den-brother-dcp-l2520d--s1602364?selectPromotionId=2047943 ,,,https://fptshop.com.vn/may-in/may-in-laser-brother-da-chuc-nang-dcp-l2520d ,https://mediamart.vn/may-in/may-in-brother-laser-dcpl2520d-inscancopydulex,https://www.anphatpc.com.vn/may-in-laser-da-nang-brother-dcp-l2520d-in-laser-dao-mat-photocopy-scan-mau.html ,https://www.phucanh.vn/may-in-laser-den-trang-brother-dpc-l2520d-in-laser-photocopy-scan-mau-.html ,https://hacom.vn/may-in-brother-dcp-l2520d ,https://shopee.vn/M%C3%A1y-in-laser-%C4%91a-n%C4%83ng-Brother-DCP-L2520D-i.310986511.3556844675?extraParams=%7B%22display_model_id%22%3A157729931687%2C%22model_selection_logic%22%3A3%7D ,,,,,,,,,,,,,,,,,
MFC-L2701D,5793000,5,https://www.dienmayxanh.com/may-in/may-in-laser-da-chuc-nang-brother-mfc-l2701d,https://phongvu.vn/may-in-brother-mfc-l2701d--s1500335 ,,https://cellphones.com.vn/may-in-laser-brother-mfc-l2701d.html ,,,https://www.anphatpc.com.vn/may-in-laser-da-chuc-nang-brother-mfc-l2701d_id17829.html ,https://www.phucanh.vn/may-in-laser-den-trang-brother-mfc-l2701d-print-scan-copy-fax-pc.html ,,https://shopee.vn/M%C3%A1y-in-laser-%C4%91a-n%C4%83ng-Brother-MFC-L2701D-i.310986511.7356752951?extraParams=%7B%22display_model_id%22%3A247870437133%2C%22model_selection_logic%22%3A3%7D ,,,,,,,,,,,,,,,,,
MFC-L2701DW,6873000,6,https://www.dienmayxanh.com/may-in/may-in-laser-da-chuc-nang-brother-mfc-l2701dw,https://phongvu.vn/may-in-brother-mfc-l2701dw--s1500457 ,https://www.nguyenkim.com/may-in-laser-brother-mfc-l2701dw.html ,,https://fptshop.com.vn/may-in/may-in-da-chuc-nang-brother-mfc-l2701dw ,https://mediamart.vn/may-in/may-in-da-chuc-nang-brother-mfc-l2701dw ,https://www.anphatpc.com.vn/may-in-laser-da-chuc-nang-brother-mfc-l2701dw_id17828.html ,https://www.phucanh.vn/may-in-laser-den-trang-brother-mfc-l2701dw-print-scan-copy-fax-pc.html ,https://hacom.vn/may-in-brother-mfc-l2701dw-in-da-nang ,https://shopee.vn/M%C3%A1y-in-laser-%C4%91a-n%C4%83ng-Brother-MFC-L2701DW-i.310986511.4556755297?extraParams=%7B%22display_model_id%22%3A59882349057%2C%22model_selection_logic%22%3A3%7D ,,,,,,,,,,,,,,,,,
HL-B2100D,3633000,7,https://www.dienmayxanh.com/may-in/laser-brother-hlb2100d ,https://phongvu.vn/may-in-trang-den-don-nang-brother-hl-b2100d--s231103611 ,https://www.nguyenkim.com/may-in-laser-brother-hl-b2100d.html ,https://cellphones.com.vn/may-in-laser-brother-hl-b2100d.html ,https://fptshop.com.vn/may-in/may-in-laser-don-nang-brother-hl-b2100d ,https://mediamart.vn/may-in/may-in-brother-hl-b2100d ,https://www.anphatpc.com.vn/may-in-laser-den-trang-brother-hl-b2100d.html ,https://www.phucanh.vn/may-in-laser-den-trang-brother-hl-b2100d.html ,https://hacom.vn/may-in-brother-hl-b2100d-in-trang-den-don-nang ,https://shopee.vn/M%C3%A1y-in-laser-%C4%91%C6%A1n-n%C4%83ng-Brother-HL-B2100D-i.310986511.23386381431?extraParams=%7B%22display_model_id%22%3A205874298572%2C%22model_selection_logic%22%3A3%7D ,,,,,,,,,,,,,,,,,
HL-B2180DW,4517000,8,https://www.dienmayxanh.com/may-in/laser-brother-hlb2180dw  ,https://phongvu.vn/may-in-trang-den-don-nang-brother-hl-b2180dw--s231103612?selectPromotionId=2044471 ,https://www.nguyenkim.com/may-in-laser-brother-hl-b2180dw.html ,https://cellphones.com.vn/may-in-laser-brother-hl-b2180dw.html ,https://fptshop.com.vn/may-in/brother-hl-b2180dw ,https://mediamart.vn/may-in/may-in-brother-hl-b2180dw ,https://www.anphatpc.com.vn/may-in-laser-den-trang-brother-hl-b2180dw.html ,https://www.phucanh.vn/may-in-laser-den-trang-brother-hl-b2180dw.html ,https://hacom.vn/may-in-brother-hl-b2180dw-in-trang-den-don-nang ,https://shopee.vn/M%C3%A1y-in-laser-%C4%91%C6%A1n-n%C4%83ng-Brother-HL-B2180DW-i.310986511.23460881315?extraParams=%7B%22display_model_id%22%3A242864666339%2C%22model_selection_logic%22%3A3%7D ,,,,,,,,,,,,,,,,,
DCP-B7620DW,5695000,9,https://www.dienmayxanh.com/may-in/laser-brother-dcpb7620dw,https://phongvu.vn/may-in-trang-den-da-nang-brother-dcp-b7620dw--s231103613?selectPromotionId=2044470 ,https://www.nguyenkim.com/may-in-laser-da-nang-brother-dcp-b7620dw.html ,https://cellphones.com.vn/may-in-laser-brother-dcp-b7620dw.html ,,https://mediamart.vn/may-in/may-in-laser-da-chuc-nang-brother-dcp-b7620dw ,https://www.anphatpc.com.vn/may-in-laser-den-trang-da-nang-brother-dcp-b7620dw.html ,https://www.phucanh.vn/may-in-laser-den-trang-brother-dcp-b7620dw.html ,https://hacom.vn/may-in-brother-dcp-b7620dw-in-trang-den-da-nang-khong-fax,https://shopee.vn/M%C3%A1y-in-laser-%C4%91a-n%C4%83ng-Brother-DCP-B7620DW-i.310986511.18686267642?extraParams=%7B%22display_model_id%22%3A188304079568%2C%22model_selection_logic%22%3A3%7D ,,,,,,,,,,,,,,,,,
DCP-B7640DW,6088000,10,https://www.dienmayxanh.com/may-in/laser-brother-dcpb7640dw ,https://phongvu.vn/may-in-trang-den-da-nang-brother-dcp-b7640dw--s231103614?selectPromotionId=1994822 ,,https://cellphones.com.vn/may-in-laser-brother-dcp-b7640dw.html ,,https://mediamart.vn/may-in/may-in-laser-da-chuc-nang-brother-dcp-b7640dw ,https://www.anphatpc.com.vn/may-in-laser-den-trang-da-nang-brother-dcp-b7640dw.html ,https://www.phucanh.vn/may-in-laser-den-trang-brother-dcp-b7640dw.html ,https://hacom.vn/may-in-brother-dcp-b7640dw-in-trang-den-da-nang-khong-fax ,https://shopee.vn/M%C3%A1y-in-laser-%C4%91a-n%C4%83ng-Brother-DCP-B7620DW-DCP-B7640DW-i.310986511.24950979047?extraParams=%7B%22display_model_id%22%3A237831945861%2C%22model_selection_logic%22%3A3%7D ,,,,,,,,,,,,,,,,,
MFC-B7810DW,7070000,11,,https://phongvu.vn/may-in-trang-den-da-nang-brother-mfc-b7810dw--s231103615 ,https://www.nguyenkim.com/may-in-laser-da-nang-brother-mfc-b7810dw.html ,https://cellphones.com.vn/may-in-laser-brother-mfc-b7810dw.html ,,https://mediamart.vn/may-in/may-in-laser-da-chuc-nang-brother-dcp-b7810dw ,https://www.anphatpc.com.vn/may-in-laser-den-trang-da-nang-brother-mfc-b7810dw.html ,https://www.phucanh.vn/may-in-laser-den-trang-brother-mfc-b7810dw.html ,https://hacom.vn/may-in-brother-mfc-b7810dw-in-trang-den-da-nang-co-fax ,,,,,,,,,,,,,,,,,,
DCP-T226,3000000,12,https://www.dienmayxanh.com/may-in/phun-mau-da-nang-brother-dcp-t220,https://phongvu.vn/may-in-brother-dcp-t226-trang--s220802240 ,https://www.nguyenkim.com/may-in-phun-da-nang-brother-dcp-t226.html ,,,,https://www.anphatpc.com.vn/may-in-phun-mau-da-nang-brother-dcp-t226-in-copy-scan.html ,https://www.phucanh.vn/may-in-phun-mau-da-nang-brother-dcp-t226-in-copy-scan.html ,,,,,,,,,,,,,,,,,,,
DCP- T220,3000000,13,https://www.dienmayxanh.com/may-in/phun-mau-da-nang-brother-dcp-t220,https://phongvu.vn/may-in-brother-dcp-t220--s210400364 ,,https://cellphones.com.vn/may-in-phun-mau-brother-dcp-t220.html ,,https://mediamart.vn/may-in/may-in-phun-mau-brother-dcpt220-inscancopy ,https://www.anphatpc.com.vn/may-in-brother-dcp-t220-in-phun-mau-da-chuc-nang_id37612.html ,https://www.phucanh.vn/may-in-phun-mau-da-nang-brother-dcp-t220-in-copy-scan.html ,https://hacom.vn/may-in-brother-dcp-t220-in-phun-mau-da-chuc-nang ,,,,,,,,,,,,,,,,,,
DCP-T420W,,14,https://www.dienmayxanh.com/may-in/brother-dcp-t420w ,https://phongvu.vn/may-in-phun-mau-da-nang-brother-dcp-t420w--s240200090,,https://cellphones.com.vn/may-in-phun-mau-brother-dcp-t420w.html  ,,https://mediamart.vn/may-in/may-in-phun-mau-brother-dcp-t420w-in-scan-copy-wifi ,https://www.anphatpc.com.vn/may-in-phun-da-chuc-nang-brother-dcp-t420w.html ,,,,,,,,,,,,,,,,,,,,
DCP-T426W,3600000,15,,,,,,,,,,,,,,,,,,,,,,,,,,,
DCP-T520W,4100000,16,https://www.dienmayxanh.com/may-in/phun-mau-da-nang-brother-dcp-t520w,https://phongvu.vn/may-in-brother-dcp-t520w--s210400361,,,,https://mediamart.vn/may-in/may-in-phun-mau-brother-dcpt520w-inscancopywifi ,https://www.anphatpc.com.vn/may-in-brother-dcp-t520w-in-phun-mau-da-chuc-nang.html ,,,,,,,,,,,,,,,,,,,,
DCP-T720DW,5900000,17,https://www.dienmayxanh.com/may-in/phun-mau-da-nang-brother-dcp-t720dw,https://phongvu.vn/may-in-brother-dcp-t720dw--s210400365,,https://cellphones.com.vn/may-in-phun-brother-dcp-t720dw.html ,,https://mediamart.vn/may-in/may-in-phun-mau-brother-dcpt720dw-inscancopywifiduplex ,https://www.anphatpc.com.vn/may-in-brother-dcp-t720dw-in-phun-mau-da-chuc-nang.html ,https://www.phucanh.vn/may-in-phun-mau-da-nang-brother-dcp-t720dw-in-copy-scan.html ,,,,,,,,,,,,,,,,,,,
 MFC-T820DW,6500000,18,,https://phongvu.vn/may-in-brother-dcp-t820dw--s210400362,,,https://fptshop.com.vn/may-in/may-in-phun-mau-da-nang-brother-dcp-t820dw-wifi ,,,,,,,,,,,,,,,,,,,,,,
MFC-T920DW,8300000,19,,https://phongvu.vn/may-in-brother-mfc-t920dw--s210400363,,,https://fptshop.com.vn/may-in/may-in-phun-da-nang-brother-mfc-t920dw?sku=00749810 ,https://mediamart.vn/may-in/may-in-phun-mau-brother-mfc-t920dw-in-scan-copy-fax-wifi-duplex-,https://www.anphatpc.com.vn/may-in-brother-mfc-t920dw-in-phun-mau-da-chuc-nang_id37616.html ,https://www.phucanh.vn/may-in-phun-mau-da-nang-brother-mfc-t920dw-in-copy-scan-fax.html ,,,,,,,,,,,,,,,,,,,
DCP-T230,3142000,20,https://www.dienmayxanh.com/may-in/may-in-phun-mau-da-nang-brother-dcp-t230 ,,,https://cellphones.com.vn/may-in-brother-dcp-t230.html ,,https://mediamart.vn/may-in/may-in-phun-mau-brother-dcp-t230-in-copy-scan-usb- ,https://www.anphatpc.com.vn/may-in-phun-mau-da-nang-brother-dcp-t230.html,https://www.phucanh.vn/may-in-phun-mau-brother-dcp-t230.html ,https://hacom.vn/may-in-brother-dcp-t230-phun-mau-da-chuc-nang ,,,,,,,,,,,,,,,,,,
DCP-T236,3200000,21,,,,https://cellphones.com.vn/may-in-phun-mau-brother-dcp-t236-da-chuc-nang.html ,,,,,,https://shopee.vn/M%C3%A1y-in-phun-m%C3%A0u-%C4%91a-n%C4%83ng-Brother-DCP-T236-i.310986511.28526574900?extraParams=%7B%22display_model_id%22%3A224203792094%2C%22model_selection_logic%22%3A3%7D ,,,,,,,,,,,,,,,,,
DCP-T430W,3830000,22,https://www.dienmayxanh.com/may-in/brother-dcp-t430w-wifi ,https://phongvu.vn/may-in-phun-da-chuc-nang-brother-dcp-t430w--s250206208?selectPromotionId=2044468 ,,https://cellphones.com.vn/may-in-phun-mau-brother-dcp-t430w-da-chuc-nang.html ,,https://mediamart.vn/may-in/may-in-phun-mau-brother-dcp-t430w-in-copy-scan-usb-wifi- ,https://www.anphatpc.com.vn/may-in-phun-mau-da-nang-brother-dcp-t430w.html ,https://www.phucanh.vn/may-in-phun-mau-brother-dcp-t430w.html ,https://hacom.vn/may-in-brother-dcp-t430w-phun-mau-da-chuc-nang ,,,,,,,,,,,,,,,,,,
DCP-T436W,3900000,23,,,,,,,,,,https://shopee.vn/M%C3%A1y-in-phun-m%C3%A0u-Brother-DCP-T436W-i.310986511.27672996375?extraParams=%7B% ,,,,,,,,,,,,,,,,,
DCP-T530DW,4811000,24,https://www.dienmayxanh.com/may-in/brother-dcp-t530dw-wifi ,https://phongvu.vn/may-in-phun-da-chuc-nang-brother-dcp-t530dw--s250206215?selectPromotionId=1994823 ,,https://cellphones.com.vn/may-in-phun-mau-brother-dcp-t530dw.html ,,https://mediamart.vn/may-in/may-in-phun-mau-brother-dcp-t530dw-in-copy-scan-duplex-adf-usb-wifi- ,https://www.anphatpc.com.vn/may-in-phun-mau-da-nang-brother-dcp-t530dw.html ,https://www.phucanh.vn/may-in-phun-mau-brother-dcp-t530dw.html ,https://hacom.vn/may-in-brother-dcp-t530dw-phun-mau-da-chuc-nang ,https://shopee.vn/M%C3%A1y-in-phun-m%C3%A0u-%C4%91a-n%C4%83ng-Brother-DCP-T530DW-i.310986511.24241580094?extraParams=%7B%22display_model_id%22%3A258156763298%2C%22model_selection_logic%22%3A3%7D ,,,,,,,,,,,,,,,,,
DCP-T730DW,5695000,25,https://www.dienmayxanh.com/may-in/brother-dcp-t730dw-wifi ,https://phongvu.vn/may-in-phun-da-chuc-nang-brother-mfc-t730dw--s250206210 ,,https://cellphones.com.vn/may-in-phun-mau-brother-dcp-t730dw-da-chuc-nang.html ,,https://mediamart.vn/may-in/may-in-phun-mau-brother-dcp-t730dw-in-copy-scan-duplex-adf-usb-wifi- ,https://www.anphatpc.com.vn/may-in-phun-mau-da-nang-brother-dcp-t730dw.html ,https://www.phucanh.vn/may-in-phun-mau-brother-dcp-t730dw.html ,https://hacom.vn/may-in-brother-dcp-t730dw-phun-mau-da-chuc-nang ,https://shopee.vn/M%C3%A1y-in-phun-m%C3%A0u-%C4%91a-n%C4%83ng-Brother-DCP-T730DW-i.310986511.29376579726?extraParams=%7B%22display_model_id%22%3A248156769250%2C%22model_selection_logic%22%3A3%7D ,,,,,,,,,,,,,,,,,
DCP-T830DW,6382000,26,,https://phongvu.vn/may-in-phun-da-chuc-nang-brother-dcp-t830dw--s250206209?selectPromotionId=1994825 ,,,,https://mediamart.vn/may-in-phun-mau-brother-dcp-t830dw-a4-a5-in-copy-scan-dao-mat-adf-usb-wifi- ,https://www.anphatpc.com.vn/may-in-phun-mau-da-nang-brother-dcp-t830dw.html ,https://www.phucanh.vn/may-in-phun-mau-brother-dcp-t830dw.html ,,https://shopee.vn/M%C3%A1y-in-phun-m%C3%A0u-%C4%91a-n%C4%83ng-Brother-DCP-T830DW-i.310986511.26426585610?extraParams=%7B%22display_model_id%22%3A248156817460%2C%22model_selection_logic%22%3A3%7D ,,,,,,,,,,,,,,,,,
MFC-T930DW,8444000,27,,https://phongvu.vn/may-in-phun-da-chuc-nang-brother-mfc-t930dw--s250206216 ,,,,https://mediamart.vn/may-in-phun-mau-brother-mfc-t930dw-a4-a5-in-copy-scan-fax-dao-mat-adf-usb-wifi- ,https://www.anphatpc.com.vn/may-in-phun-mau-da-nang-brother-mfc-t930dw.html ,https://www.phucanh.vn/may-in-phun-mau-brother-mfc-t930dw.html ,,https://shopee.vn/M%C3%A1y-in-phun-m%C3%A0u-%C4%91a-n%C4%83ng-Brother-MFC-T930DW-i.310986511.27926574992?extraParams=%7B%22display_model_id%22%3A253156845515%2C%22model_selection_logic%22%3A3%7D ,,,,,,,,,,,,,,,,,
HL-T4000DW,12175000,28,,https://phongvu.vn/may-in-brother-hl-t4000dw--s1810379 ,,,,,https://www.anphatpc.com.vn/may-in-brother-hl-t4000dw-in-phun-mau-a3.html ,https://www.phucanh.vn/may-in-phun-mau-brother-hl-t4000dw-in-phun-mau-don-nang-a3.html ,,,,,,,,,,,,,,,,,,,
 MFC-T4500DW,15120000,29,,https://phongvu.vn/may-in-brother-mfc-t4500dw--s1810380 ,,,,https://mediamart.vn/may-in/may-in-phun-brother-mfct4500dw-inscancopyfaxduplexwifi-in-a3 ,https://www.anphatpc.com.vn/may-in-brother-mfc-t4500dw-in-phun-da-nang.html ,https://www.phucanh.vn/may-in-phun-mau-brother-da-chuc-nang-mfc-t4500dw-a3-da-chuc-nang-flatbed-in-a3-maufax-mau-photo-mau-scan-mau-in-anh-truc-tiep-tu-usb.html ,,,,,,,,,,,,,,,,,,,
 HL-L3230CDN,6700000,30,,https://phongvu.vn/may-in-laser-mau-brother-hl-l3230cdn-cu--s220502251?selectPromotionId=2044513 ,,,,https://mediamart.vn/may-in/may-in-laser-mau-brother-hll3230cdn-induplexnetwork ,,https://www.phucanh.vn/may-in-laser-mau-brother-hl-l3240cdw.html ,,,,,,,,,,,,,,,,,,,
 HL-L3240CDW,7266000,31,,https://phongvu.vn/may-in-mau-don-nang-brother-hl-l3240cdw--s240602385 ,,,,https://mediamart.vn/may-in/may-in-laser-mau-brother-hl-l3240cdw ,https://www.anphatpc.com.vn/may-in-laser-mau-brother-hl-l3240cdw.html ,https://www.phucanh.vn/may-in-laser-mau-brother-hl-l3240cdw.html ,https://hacom.vn/may-in-brother-hl-l3240cdw-in-laser-mau-don-nang ,https://shopee.vn/M%C3%A1y-in-laser-%C4%91%C6%A1n-n%C4%83ng-m%C3%A0u-HL-L3240CDW-i.310986511.23788714868?extraParams=%7B%22display_model_id%22%3A166273726475%2C%22model_selection_logic%22%3A3%7D ,,,,,,,,,,,,,,,,,
 HL-L3280CDW,7757000,32,,https://phongvu.vn/may-in-mau-don-nang-brother-hl-l3280cdw--s240602390 ,,,,,https://www.anphatpc.com.vn/may-in-laser-mau-brother-hl-l3280cdw.html ,https://www.phucanh.vn/may-in-laser-mau-brother-hl-l3280cdw.html ,,,,,,,,,,,,,,,,,,,
DCP-L3560CDW,12273000,33,,https://phongvu.vn/may-in-mau-da-chuc-nang-brother-dcp-l3560cdw--s240602397 ,,https://cellphones.com.vn/may-in-laser-mau-brother-dcp-3560cdw.html ,,https://mediamart.vn/may-in/may-in-laser-mau-da-chuc-nang-brother-dcp-l3560cdw ,https://www.anphatpc.com.vn/may-in-laser-mau-brother-dcp-l3560cdw.html ,https://www.phucanh.vn/may-in-laser-mau-brother-dcp-l3560cdw.html ,,https://shopee.vn/M%C3%A1y-in-laser-m%C3%A0u-%C4%91a-n%C4%83ng-Brother-DCP-L3560CDW-i.310986511.24853998558?extraParams=%7B%22display_model_id%22%3A385247636608%2C%22model_selection_logic%22%3A3%7D ,,,,,,,,,,,,,,,,,
MFC-L8360CDW,13746000,34,,,,,,,,,,,,,,,,,,,,,,,,,,,
MFC-L8360CDW,10800000,35,,,,,,,,,,,,,,,,,,,,,,,,,,,
MFC-L8340CDW,14728000,36,,https://phongvu.vn/may-in-mau-laser-da-chuc-nang-brother-mfc-l8340cdw--s240101244 ,,,,https://mediamart.vn/may-in/may-in-laser-mau-da-chuc-nang-brother-mfc-l8340cdw ,https://www.anphatpc.com.vn/may-in-laser-mau-da-nang-brother-mfc-l8340cdw.html ,https://www.phucanh.vn/may-in-laser-mau-brother-mfc-l8340cdw.html ,,https://shopee.vn/M%C3%A1y-in-laser-m%C3%A0u-%C4%91a-n%C4%83ng-Brother-MFC-L8340CDW-i.310986511.25553998233?extraParams=%7B%22display_model_id%22%3A255106222334%2C%22model_selection_logic%22%3A3%7D ,,,,,,,,,,,,,,,,,
MFC-L9630CDN,34364000,37,,https://phongvu.vn/may-in-laser-mau-da-chuc-nang-brother-mfc-l9630cdn--s240804213,,,,https://mediamart.vn/may-in/may-in-laser-mau-da-chuc-nang-brother-mfc-l9630cdn ,https://www.anphatpc.com.vn/may-in-da-chuc-nang-brother-mfc-l9630cdn.html ,https://www.phucanh.vn/may-in-laser-mau-brother-da-chuc-nang-mfc-l9630cdn.html ,,,,,,,,,,,,,,,,,,,
MFC-L8690CDW,15808000,38,,https://phongvu.vn/may-in-brother-mfc-l8690cdw--s1702501 ,,,,,https://www.anphatpc.com.vn/may-in-laser-mau-da-nang-brother-mfc-l8690cdw_id25166.html ,https://www.phucanh.vn/may-in-laser-mau-brother-mfc-l8690cdw-print-copy-scanfax-wifi.html ,,,,,,,,,,,,,,,,,,,
